{"accuracy": 0.9134475345030862, "classification_report": {"0": {"precision": 0.9204611792177466, "recall": 0.8997146932952924, "f1-score": 0.9099697013417977, "support": 7010.0}, "1": {"precision": 0.9070966036738469, "recall": 0.9264408152247267, "f1-score": 0.9166666666666666, "support": 7409.0}, "accuracy": 0.9134475345030862, "macro avg": {"precision": 0.9137788914457967, "recall": 0.9130777542600095, "f1-score": 0.9133181840042321, "support": 14419.0}, "weighted avg": {"precision": 0.9135939803686758, "recall": 0.9134475345030862, "f1-score": 0.9134108426201079, "support": 14419.0}}}