{"accuracy": 0.8952770649837021, "classification_report": {"0": {"precision": 0.8928571428571429, "recall": 0.891583452211127, "f1-score": 0.8922198429693077, "support": 7010.0}, "1": {"precision": 0.8975603181021701, "recall": 0.8987717640707248, "f1-score": 0.8981656325869976, "support": 7409.0}, "accuracy": 0.8952770649837021, "macro avg": {"precision": 0.8952087304796565, "recall": 0.895177608140926, "f1-score": 0.8951927377781526, "support": 14419.0}, "weighted avg": {"precision": 0.8952738031935328, "recall": 0.8952770649837021, "f1-score": 0.8952750031938354, "support": 14419.0}}}