{"accuracy": 0.9597059435467092, "precision": 0.9602318684281478, "recall": 0.9613982993656364, "f1_score": 0.9608147298846699, "cross_val_mean_accuracy": 0.9552847406464196, "cross_val_std_accuracy": 0.0018721776289946012}