{"accuracy": 0.9547125320757334, "precision": 0.9533011272141707, "recall": 0.9588338507220947, "f1_score": 0.9560594845568939, "cross_val_mean_accuracy": 0.954799284214298, "cross_val_std_accuracy": 0.0027175757396688694}