,accuracy,precision,recall,f1_score,cross_val_mean_accuracy,cross_val_std_accuracy,classification_report
Logistic Regression,0.9547125320757334,0.9533011272141707,0.9588338507220947,0.9560594845568939,0.954799284214298,0.0027175757396688694,
Decision Tree,0.9134475345030862,,,,,,"{'0': {'precision': 0.9204611792177466, 'recall': 0.8997146932952924, 'f1-score': 0.9099697013417977, 'support': 7010.0}, '1': {'precision': 0.9070966036738469, 'recall': 0.9264408152247267, 'f1-score': 0.9166666666666666, 'support': 7409.0}, 'accuracy': 0.9134475345030862, 'macro avg': {'precision': 0.9137788914457967, 'recall': 0.9130777542600095, 'f1-score': 0.9133181840042321, 'support': 14419.0}, 'weighted avg': {'precision': 0.9135939803686758, 'recall': 0.9134475345030862, 'f1-score': 0.9134108426201079, 'support': 14419.0}}"
Random Forest,0.9239891809418129,,,,,,"{'0': {'precision': 0.929671607090962, 'recall': 0.9126961483594864, 'f1-score': 0.9211056723293982, 'support': 7010.0}, '1': {'precision': 0.9188005837866525, 'recall': 0.9346740450803077, 'f1-score': 0.9266693429680182, 'support': 7409.0}, 'accuracy': 0.9239891809418129, 'macro avg': {'precision': 0.9242360954388072, 'recall': 0.9236850967198971, 'f1-score': 0.9238875076487082, 'support': 14419.0}, 'weighted avg': {'precision': 0.9240856849284245, 'recall': 0.9239891809418129, 'f1-score': 0.9239644861002239, 'support': 14419.0}}"
SVM,0.941,,,,,,"{'0': {'precision': 0.9376299376299376, 'recall': 0.9395833333333333, 'f1-score': 0.9386056191467221, 'support': 960.0}, '1': {'precision': 0.9441233140655106, 'recall': 0.9423076923076923, 'f1-score': 0.9432146294513956, 'support': 1040.0}, 'accuracy': 0.941, 'macro avg': {'precision': 0.9408766258477241, 'recall': 0.9409455128205129, 'f1-score': 0.9409101242990588, 'support': 2000.0}, 'weighted avg': {'precision': 0.9410064933764356, 'recall': 0.941, 'f1-score': 0.9410023045051523, 'support': 2000.0}}"
KNN,0.8952770649837021,,,,,,"{'0': {'precision': 0.8928571428571429, 'recall': 0.891583452211127, 'f1-score': 0.8922198429693077, 'support': 7010.0}, '1': {'precision': 0.8975603181021701, 'recall': 0.8987717640707248, 'f1-score': 0.8981656325869976, 'support': 7409.0}, 'accuracy': 0.8952770649837021, 'macro avg': {'precision': 0.8952087304796565, 'recall': 0.895177608140926, 'f1-score': 0.8951927377781526, 'support': 14419.0}, 'weighted avg': {'precision': 0.8952738031935328, 'recall': 0.8952770649837021, 'f1-score': 0.8952750031938354, 'support': 14419.0}}"
