{"accuracy": 0.9239891809418129, "classification_report": {"0": {"precision": 0.929671607090962, "recall": 0.9126961483594864, "f1-score": 0.9211056723293982, "support": 7010.0}, "1": {"precision": 0.9188005837866525, "recall": 0.9346740450803077, "f1-score": 0.9266693429680182, "support": 7409.0}, "accuracy": 0.9239891809418129, "macro avg": {"precision": 0.9242360954388072, "recall": 0.9236850967198971, "f1-score": 0.9238875076487082, "support": 14419.0}, "weighted avg": {"precision": 0.9240856849284245, "recall": 0.9239891809418129, "f1-score": 0.9239644861002239, "support": 14419.0}}}