{"accuracy": 0.941, "classification_report": {"0": {"precision": 0.9376299376299376, "recall": 0.9395833333333333, "f1-score": 0.9386056191467221, "support": 960.0}, "1": {"precision": 0.9441233140655106, "recall": 0.9423076923076923, "f1-score": 0.9432146294513956, "support": 1040.0}, "accuracy": 0.941, "macro avg": {"precision": 0.9408766258477241, "recall": 0.9409455128205129, "f1-score": 0.9409101242990588, "support": 2000.0}, "weighted avg": {"precision": 0.9410064933764356, "recall": 0.941, "f1-score": 0.9410023045051523, "support": 2000.0}}}